{
    "z-score": {
        "mean": {
            "powerPS": 125.87902719492449,
            "odometer": 125803.29114760598,
            "Age": 16.88453061494234
        },
        "std": {
            "powerPS": 125.87902719492449,
            "odometer": 125803.29114760598,
            "Age": 16.88453061494234
        }
    },
    "robust": {
        "IQRs": {
            "powerPS": 70.0,
            "odometer": 50000.0,
            "Age": 9.0
        },
        "median": {
            "powerPS": 116.0,
            "odometer": 150000.0,
            "Age": 16.83
        }
    }
}